user_ID,descriptor
81,"[-0.1227916   0.09898558  0.04900958 -0.00414922 -0.02398013 -0.05552533
 -0.01598183 -0.08769903  0.13535735 -0.07571216  0.11338358 -0.06393906
 -0.20383422 -0.06741866 -0.03042673  0.07039687 -0.17224008 -0.15196753
 -0.07166489 -0.06964792  0.07589416  0.05579334 -0.04369015  0.08556717
 -0.08893725 -0.34303048 -0.05296766 -0.1672482   0.03985443 -0.13851246
  0.00627412 -0.00290791 -0.15763159 -0.05978778  0.01351587  0.04439106
  0.11841089  0.00876108  0.14539997  0.01779504 -0.1275818   0.00500218
  0.10016941  0.30837923  0.15773699  0.12998907 -0.06899678 -0.00522746
  0.12475974 -0.22783175  0.10102976  0.09453046  0.13170667  0.07276819
  0.11477627 -0.19550329  0.00467453 -0.03685289 -0.24058004  0.09114378
  0.01743642 -0.00862388 -0.00764075  0.06752584  0.21283022  0.06554607
 -0.09208868 -0.09416803  0.06512311 -0.23968107 -0.02199573 -0.00314426
 -0.05837048 -0.0831956  -0.22985062  0.06775314  0.40986139  0.14679366
 -0.22375931  0.0337429  -0.09442753 -0.08263227  0.10598232  0.05308694
 -0.04686071  0.00861187 -0.08737372  0.03189841  0.11255023  0.02957137
 -0.02903692  0.21430019 -0.0132652  -0.00804669  0.02055248  0.0116834
 -0.16434069  0.00829139 -0.092815   -0.06888755  0.0609738   0.04328609
  0.02018441  0.09539295 -0.18524505  0.08985164  0.01002317 -0.06536411
 -0.00878169  0.10126331 -0.13518146 -0.10621478  0.0974101  -0.23255046
  0.16464709  0.14839314 -0.01638811  0.1415042   0.00191164  0.03468283
  0.08907959  0.02829566 -0.06354717 -0.09728744  0.0525506   0.00658635
  0.02900287  0.00538776]"
