user_ID,descriptor
1,"-0.125444
0.0523943
0.0545788
-0.0253703
-0.0979474
-0.0680598
-0.0105341
-0.131116
0.141237
-0.0318633
0.238522
-0.0231249
-0.151223
-0.134657
0.00718924
0.11093
-0.103088
-0.0898399
-0.0483244
-0.0889682
-0.0175892
-0.0247658
0.0131212
0.0997909
-0.160208
-0.315083
-0.08848
-0.152331
-0.0549451
-0.036115
-0.0326501
0.0644134
-0.17161
-0.0967314
0.0262865
0.0767323
0.0249084
0.0086653
0.155756
0.010074
-0.159268
0.0152935
0.053851
0.235756
0.183954
0.128911
0.00702631
-0.0864285
0.11433
-0.181967
0.0642297
0.100347
0.10336
-0.0550273
0.0597111
-0.142575
0.0136227
0.0371066
-0.190049
-0.0122314
-0.0102509
-0.0554599
-0.0522694
-0.0285331
0.300766
0.150322
-0.101598
-0.0315627
0.114475
-0.164027
-0.0518899
0.0242164
-0.0888072
-0.169702
-0.308352
0.0607135
0.426843
0.110554
-0.261789
0.030386
-0.13059
0.000290484
0.124803
0.0707117
-0.098198
0.00195756
-0.101088
-0.0577013
0.195099
-0.0220868
0.0165658
0.239721
-0.00482805
0.0460669
0.03998
-0.0182425
-0.109251
0.00877237
-0.0763533
-0.0704484
0.130324
-0.0159739
0.0540155
0.0816929
-0.300068
0.0640532
-0.00724912
-0.0443724
0.0542976
-0.00841212
-0.0824
-0.0951631
0.154055
-0.258816
0.153386
0.132637
-0.0528706
0.180203
0.102637
0.0588898
-0.0394235
-0.0213869
-0.0966911
-0.0168799
0.12525
-0.0798171
0.114243
0.0132185"
